code,value,id,name_y,POINT_X,POINT_Y,2019,2020,2023,2020_change_rate,2023_change_rate,change
110000,20566876.0,1,北京市,116.4122843,40.18554307,0.507124171,0.420837349,0.393159787,-0.0862868219999999,-0.027677562,d-s
120000,13579169.0,2,天津市,117.3340384,39.29342618,0.441194099,0.469675005,0.499385402,0.0284809059999999,0.029710397,s-s
130100,10679074.0,3,石家庄市,114.439869,38.13127047,0.42023594,0.545541191,0.457582265,0.125305251,-0.0879589259999999,u-d
130200,7926932.0,4,唐山市,118.3356261,39.72155375,0.653676769,0.618483188,0.545345348,-0.035193581,-0.07313784,s-d
130300,3135246.0,5,秦皇岛市,119.1850432,40.08797149,0.442849944,0.362110781,0.563670199,-0.080739163,0.201559418,d-u
130400,9607266.0,6,邯郸市,114.5420717,36.55299724,0.582733649,0.55839272,0.467654359,-0.024340929,-0.0907383609999999,s-d
130500,7444418.0,7,邢台市,114.799709,37.28776038,0.418571744,0.607911825,0.43062662,0.1893400809999999,-0.1772852049999999,u-d
130600,11702021.0,8,保定市,115.1705618,39.02126667,0.428906189,0.503449789,0.493150069,0.0745436,-0.01029972,u-s
130700,4553463.0,9,张家口市,115.0324468,40.86511796,0.354295279,0.319911212,0.414977589,-0.034384067,0.0950663769999999,s-u
130800,3637345.0,10,承德市,117.548593,41.3476139,0.446536537,0.227230424,0.528357587,-0.219306113,0.301127163,d-u
130900,7482157.0,11,沧州市,116.7532956,38.266775,0.591156128,0.546521218,0.622811009,-0.0446349099999999,0.076289791,s-u
131000,4581526.0,12,廊坊市,116.5341686,39.10850192,0.466058236,0.547120227,0.529707644,0.0810619909999999,-0.0174125829999999,u-s
131100,4571823.0,13,衡水市,115.8231984,37.76255035,0.545376818,0.64038459,0.58885146,0.0950077719999999,-0.05153313,u-d
140100,4403733.0,14,太原市,112.3301697,37.88095013,0.352774624,0.497271629,0.405012906,0.144497005,-0.0922587229999999,u-d
140200,3483445.0,15,大同市,113.7223113,39.89946255,0.386584013,0.313233354,0.374796816,-0.0733506589999999,0.0615634619999999,d-u
140300,1433801.0,16,阳泉市,113.4989511,38.06354087,0.397974818,0.280404086,0.328712603,-0.117570732,0.0483085169999999,d-s
140400,3501472.0,17,长治市,112.9167777,36.47529606,0.484228159,0.497814126,0.566133385,0.013585967,0.0683192589999999,s-u
140500,2386067.0,18,晋城市,112.7076345,35.61064367,0.495128905,0.516250274,0.499875157,0.021121369,-0.0163751169999999,s-s
140600,1800092.0,19,朔州市,112.7276801,39.45269045,0.487648992,0.596526874,0.553100876,0.108877882,-0.043425998,u-s
140700,3400457.0,20,晋中市,112.9631784,37.32733594,0.417515617,0.444909293,0.372013958,0.0273936759999999,-0.072895335,s-d
140800,5384590.0,21,运城市,111.0634145,35.18660541,0.530795425,0.502547484,0.403039043,-0.0282479409999999,-0.099508441,s-d
140900,3219098.0,22,忻州市,112.450687,38.67927467,0.396051073,0.505732867,0.446919168,0.109681794,-0.058813699,u-d
141000,4533612.0,23,临汾市,111.3769445,36.22692828,0.501467766,0.553238149,0.517248856,0.051770383,-0.0359892929999999,u-s
141100,3911771.0,24,吕梁市,111.2631772,37.67848591,0.371670304,0.456367982,0.340612583,0.084697678,-0.1157553989999999,u-d
150100,3005679.0,25,呼和浩特市,111.4981412,40.59057926,0.423110365,0.490146953,0.392934694,0.067036588,-0.097212259,u-d
150200,2780632.0,26,包头市,110.2567253,41.55092446,0.470967475,0.502400917,0.424223649,0.0314334419999999,-0.078177268,s-d
150300,552895.0,27,乌海市,106.8692267,39.42648524,0.491124357,0.457400071,0.348553855,-0.0337242859999999,-0.108846216,s-d
150400,4563323.0,28,赤峰市,118.8714637,43.22150463,0.47726354,0.297105839,0.530519669,-0.180157701,0.23341383,d-u
150500,3300703.0,29,通辽市,121.570346,43.81597638,0.498236963,0.429925417,0.496605491,-0.068311546,0.066680074,d-u
150600,2083479.0,30,鄂尔多斯市,108.629234,39.411575,0.492762777,0.521132208,0.45526671,0.028369431,-0.065865498,s-d
150700,2711969.0,31,呼伦贝尔市,121.1965921,49.66140083,0.356410535,0.057026457,0.471742805,-0.299384078,0.414716348,d-u
150800,1749598.0,32,巴彦淖尔市,107.5383191,41.57196691,0.521462963,0.667828861,0.348189601,0.1463658980000001,-0.31963926,u-d
150900,2243887.0,33,乌兰察布市,112.4436371,41.68182402,0.434644853,0.552053972,0.424723431,0.1174091189999999,-0.1273305409999999,u-d
152200,1693773.0,34,兴安盟,121.3363627,46.22527513,0.384354626,0.294401111,0.290332788,-0.0899535149999999,-0.0040683229999999,d-s
152500,1078625.0,35,锡林郭勒盟,115.4823937,44.19286958,0.501528407,0.704425564,0.396939754,0.202897157,-0.30748581,u-d
152900,252214.0,36,阿拉善盟,102.4477453,40.49742709,0.769948103,0.181113394,0.768064972,-0.588834709,0.586951578,d-u
210100,8502509.0,37,沈阳市,123.1376263,42.09395865,0.660441579,0.676984264,0.620164273,0.016542685,-0.056819991,s-d
210200,7012190.0,38,大连市,122.1991962,39.59951666,0.512694447,0.0,0.54612218,-0.512694447,0.54612218,d-u
210300,3823509.0,39,鞍山市,123.3689992,40.38842337,0.523602288,0.694690673,0.529359378,0.171088385,-0.165331295,u-d
210400,2242451.0,40,抚顺市,124.6557391,41.8338385,0.356069831,0.40862317,0.356397233,0.0525533389999999,-0.052225937,u-d
210500,1791973.0,41,本溪市,125.2351822,41.29403249,0.377127077,0.043224017,0.420400905,-0.33390306,0.377176888,d-u
210600,2559167.0,42,丹东市,124.3982395,40.54384382,0.502033919,0.276320758,0.330036182,-0.225713161,0.053715424,d-u
210700,3272769.0,43,锦州市,121.1823363,41.28737874,0.533398245,0.60754651,0.507689427,0.074148265,-0.099857083,u-d
210800,2546959.0,44,营口市,122.4638265,40.3912799,0.546770537,0.52289784,0.565411674,-0.023872697,0.042513834,s-s
210900,1903575.0,45,阜新市,121.9553,42.27925913,0.45532855,0.349246549,0.378886065,-0.1060820009999999,0.0296395159999999,d-s
211000,1960613.0,46,辽阳市,123.4093459,41.14549663,0.482833611,0.485098278,0.341636832,0.0022646669999999,-0.143461446,s-d
211100,1466418.0,47,盘锦市,121.9999563,41.07751968,0.545424786,0.310035924,0.452993776,-0.2353888619999999,0.142957852,d-u
211200,2856401.0,48,铁岭市,124.17065,42.64394641,0.339242776,0.587533666,0.429268034,0.24829089,-0.158265632,u-d
211300,3186942.0,49,朝阳市,120.0680099,41.39827914,0.560017612,0.393698662,0.408008734,-0.16631895,0.014310072,d-s
211400,2751391.0,50,葫芦岛市,120.1977503,40.6245976,0.557697535,0.43398595,0.565700838,-0.1237115849999999,0.131714888,d-u
220100,9197037.0,51,长春市,125.7671389,44.38384432,0.401938944,0.480136918,0.439598341,0.078197974,-0.040538577,u-s
220200,4636128.0,52,吉林市,126.8433131,43.57978023,0.347657512,0.451613621,0.38116539,0.103956109,-0.070448231,u-d
220300,2396271.0,53,四平市,124.4675866,43.57071964,0.40329914,0.274184116,0.461729042,-0.129115024,0.187544926,d-u
220400,1223434.0,54,辽源市,125.3055554,42.81090207,0.429095065,0.597297689,0.36835471,0.168202624,-0.228942979,u-d
220500,2438663.0,55,通化市,125.9493904,41.95562711,0.442391829,0.260913921,0.382936228,-0.181477908,0.122022307,d-u
220600,1352379.0,56,白山市,127.2851408,42.06903386,0.340225264,0.424209225,0.270417357,0.083983961,-0.153791868,u-d
220700,3017327.0,57,松原市,123.878405,44.58780854,0.293632426,0.375923588,0.415255388,0.0822911619999999,0.0393318,u-s
220800,2131347.0,58,白城市,123.0118956,45.34644957,0.249311372,0.01785882,0.185311181,-0.231452552,0.167452361,d-u
222400,2380053.0,59,延边朝鲜族自治州,129.3863628,43.12003124,0.402193005,0.252339514,0.386652177,-0.149853491,0.134312663,d-u
230100,11150717.0,60,哈尔滨市,127.9574753,45.63729337,0.378933429,0.154186514,0.490048572,-0.224746915,0.335862058,d-u
230200,5623644.0,61,齐齐哈尔市,124.5458585,47.69986449,0.306839065,0.013199514,0.425024692,-0.293639551,0.4118251779999999,d-u
230300,1950975.0,62,鸡西市,132.1661405,45.53484008,0.300573171,0.099817657,0.260400574,-0.2007555139999999,0.160582917,d-u
230400,1110910.0,63,鹤岗市,130.3782368,47.70875593,0.196518864,0.035305678,0.156783403,-0.1612131859999999,0.1214777249999999,d-u
230500,1530297.0,64,双鸭山市,132.4942942,46.39858799,0.167712034,0.02459539,0.157797726,-0.143116644,0.133202336,d-u
230600,3041192.0,65,大庆市,124.6996394,46.34685958,0.299489398,0.07990021,0.457012972,-0.219589188,0.377112762,d-u
230700,1203804.0,66,伊春市,129.2115013,47.81182503,0.16551433,0.0,0.307724111,-0.16551433,0.307724111,d-u
230800,2685895.0,67,佳木斯市,133.690069,47.86184247,0.286681819,0.018845148,0.373540368,-0.267836671,0.35469522,d-u
230900,960009.0,68,七台河市,131.0123837,45.85194838,0.181586818,0.0,0.140899897,-0.181586818,0.140899897,d-u
231000,2935512.0,69,牡丹江市,129.8880847,44.59627157,0.262172936,0.202627264,0.274913905,-0.059545672,0.072286641,d-u
231100,1755444.0,70,黑河市,126.9859024,49.26322384,0.197565506,0.001346569,0.370122655,-0.196218937,0.368776086,d-u
231200,5687655.0,71,绥化市,126.6454849,46.89348727,0.297864647,0.032636241,0.38638649,-0.2652284059999999,0.353750249,d-u
232700,499778.0,72,大兴安岭地区,124.2036324,52.32577199,0.184301625,0.0,0.114400534,-0.184301625,0.114400534,d-u
310000,24139287.0,73,上海市,121.4690652,31.24009326,0.523118804,0.504467139,0.496466819,-0.018651665,-0.0080003199999999,s-s
320100,8393073.0,74,南京市,118.8425332,31.92763631,0.651732317,0.635554216,0.617625392,-0.016178101,-0.0179288239999999,s-s
320200,6687999.0,75,无锡市,120.3291946,31.68986842,0.481655071,0.512710664,0.558552623,0.0310555929999999,0.0458419589999999,s-s
320300,8984796.0,76,徐州市,117.5138827,34.26609477,0.550541142,0.55008096,0.523385812,-0.000460182,-0.0266951479999999,s-s
320400,4815111.0,77,常州市,119.9346401,31.77853088,0.578491335,0.637239988,0.614552015,0.0587486529999999,-0.022687973,u-s
320500,10971776.0,78,苏州市,120.6516006,31.38133263,0.459593359,0.501758166,0.486573963,0.042164807,-0.015184203,s-s
320600,7638316.0,79,南通市,121.0216297,32.18588122,0.543737922,0.518395645,0.587072485,-0.025342277,0.0686768399999999,s-u
320700,4617257.0,80,连云港市,119.1079519,34.62710324,0.584528535,0.480866604,0.581229347,-0.103661931,0.1003627429999999,d-u
320800,5059158.0,81,淮安市,118.9637737,33.35290544,0.580375786,0.565992872,0.596392025,-0.0143829139999999,0.0303991529999999,s-s
320900,7611390.0,82,盐城市,120.1829413,33.50904245,0.64616524,0.536924253,0.58525774,-0.1092409869999999,0.0483334869999999,d-s
321000,4676958.0,83,扬州市,119.4741723,32.73817486,0.593276057,0.595660771,0.633557063,0.002384714,0.037896292,s-s
321100,3263982.0,84,镇江市,119.4672106,32.06888291,0.484228609,0.644436884,0.56421103,0.160208275,-0.080225854,u-d
321200,4847623.0,85,泰州市,120.0567069,32.57135591,0.653544006,0.698593265,0.643795618,0.045049259,-0.054797647,s-d
321300,4899338.0,86,宿迁市,118.5201887,33.78415428,0.662890217,0.594973513,0.547037933,-0.0679167039999999,-0.0479355799999999,d-s
330100,9113627.0,87,杭州市,119.4700253,29.90028508,0.674225403,0.602508798,0.530384955,-0.0717166049999999,-0.0721238429999999,d-d
330200,7953633.0,88,宁波市,121.4472793,29.75375415,0.654739119,0.650313694,0.591159765,-0.0044254249999999,-0.059153929,s-d
330300,9570724.0,89,温州市,120.0285427,27.64614113,0.648978659,0.641406843,0.554610114,-0.007571816,-0.0867967289999999,s-d
330400,4706801.0,90,嘉兴市,120.8034184,30.61654308,0.494843392,0.593709214,0.561104715,0.0988658219999999,-0.0326044989999999,u-s
330500,3034324.0,91,湖州市,119.8687294,30.74435159,0.495163115,0.446614943,0.374713384,-0.048548172,-0.071901559,s-d
330600,5184732.0,92,绍兴市,120.6364829,29.73515578,0.397898929,0.510706761,0.499151604,0.112807832,-0.0115551569999999,u-s
330700,5618838.0,93,金华市,119.9521328,29.11825665,0.609773283,0.646816691,0.597277563,0.037043408,-0.049539128,s-s
330800,2224014.0,94,衢州市,118.6746565,28.93451169,0.438383099,0.203084806,0.436519716,-0.235298293,0.23343491,d-u
330900,1137900.0,95,舟山市,122.1419195,30.05888745,0.532352217,0.306587288,0.614644294,-0.225764929,0.3080570059999999,d-u
331000,6265401.0,96,台州市,121.0066964,28.9017678,0.554220544,0.638373356,0.587725547,0.084152812,-0.0506478089999999,u-d
331100,2223317.0,97,丽水市,119.5117496,28.19934318,0.487634178,0.445887448,0.443582208,-0.0417467299999999,-0.00230524,s-s
340100,7833347.0,98,合肥市,117.3558011,31.76344209,0.49143051,0.573602325,0.494112107,0.0821718149999999,-0.0794902179999999,u-d
340200,3718680.0,99,芜湖市,118.1346457,31.16267385,0.592320093,0.460223415,0.43551053,-0.1320966779999999,-0.024712885,d-s
340300,3313110.0,100,蚌埠市,117.3253875,33.10857421,0.537898028,0.330894217,0.410977138,-0.2070038109999999,0.080082921,d-u
340400,3505361.0,101,淮南市,116.7854057,32.41603156,0.462207069,0.542963793,0.355072781,0.0807567239999999,-0.1878910119999999,u-d
340500,2307982.0,102,马鞍山市,118.365129,31.63700142,0.516201774,0.613818007,0.577839056,0.097616233,-0.035978951,u-s
340600,2180287.0,103,淮北市,116.7394996,33.71951556,0.313147121,0.172654866,0.202455658,-0.1404922549999999,0.029800792,d-s
340700,1635089.0,104,铜陵市,117.5617606,30.88982813,0.514322356,0.419743068,0.310800292,-0.0945792879999999,-0.108942776,d-d
340800,4688301.0,105,安庆市,116.4871753,30.57611986,0.429035613,0.242507495,0.323010603,-0.186528118,0.080503108,d-u
341000,1425166.0,106,黄山市,118.0710578,29.90664071,0.361464605,0.146290976,0.453888829,-0.215173629,0.307597853,d-u
341100,4125192.0,107,滁州市,118.1025513,32.54415582,0.506225534,0.630170165,0.496766973,0.1239446309999999,-0.133403192,u-d
341200,7984731.0,108,阜阳市,115.7038008,32.91733856,0.559698027,0.474155973,0.309420102,-0.085542054,-0.164735871,d-d
341300,5627463.0,109,宿州市,117.2108217,33.85867649,0.423389991,0.573004725,0.394069695,0.1496147339999999,-0.17893503,u-d
341500,4827568.0,110,六安市,116.2297296,31.66000371,0.33106763,0.385091546,0.289615091,0.054023916,-0.095476455,u-d
341600,5079814.0,111,亳州市,116.1806688,33.43545858,0.434228647,0.369194549,0.400530616,-0.065034098,0.031336067,d-s
341700,1471591.0,112,池州市,117.3653206,30.28442927,0.526739857,0.160198643,0.38640665,-0.366541214,0.226208007,d-u
341800,2659241.0,113,宣城市,118.8522389,30.68624062,0.554087638,0.620145597,0.548149492,0.066057959,-0.071996105,u-d
350100,7462230.0,114,福州市,119.1585724,26.06381734,0.580203326,0.666806768,0.512741678,0.086603442,-0.15406509,u-d
350200,3693342.0,115,厦门市,118.1160573,24.73842337,0.534224475,0.589118051,0.485916433,0.054893576,-0.103201618,u-d
350300,2915360.0,116,莆田市,118.8802157,25.45571066,0.632620134,0.617376422,0.607781123,-0.0152437119999999,-0.009595299,s-s
350400,2626461.0,117,三明市,117.3959207,26.29867899,0.601099781,0.486803563,0.485504389,-0.114296218,-0.001299174,d-s
350500,8657793.0,118,泉州市,118.2556892,25.21015634,0.524337055,0.58120481,0.591185249,0.0568677549999999,0.009980439,u-s
350600,5049756.0,119,漳州市,117.4425084,24.36671548,0.476634731,0.527069123,0.488779556,0.0504343919999999,-0.0382895669999999,u-s
350700,2771123.0,120,南平市,118.1421265,27.33901888,0.499183883,0.300632628,0.569051869,-0.1985512549999999,0.268419241,d-u
350800,2687829.0,121,龙岩市,116.7386918,25.29283904,0.657437299,0.541256062,0.575946753,-0.116181237,0.0346906909999999,d-s
350900,2947019.0,122,宁德市,119.46765,26.97738515,0.516706575,0.551613548,0.640986782,0.034906973,0.089373234,s-u
360100,5287609.0,123,南昌市,116.0190358,28.64931419,0.473875458,0.536033075,0.467969694,0.0621576169999999,-0.0680633809999999,u-d
360200,1664337.0,124,景德镇市,117.2699585,29.30727815,0.340783805,0.121185491,0.2527276,-0.219598314,0.131542109,d-u
360300,1937344.0,125,萍乡市,113.9025314,27.51162446,0.551452057,0.475863175,0.305034711,-0.0755888819999999,-0.170828464,d-d
360400,4962240.0,126,九江市,115.452666,29.32176584,0.49431604,0.349363457,0.462743153,-0.144952583,0.113379696,d-u
360500,1190917.0,127,新余市,114.8525657,27.84520193,0.487933702,0.40441442,0.347666054,-0.083519282,-0.0567483659999999,d-d
360600,1180087.0,128,鹰潭市,117.1086256,28.22397615,0.42152803,0.318375198,0.2526189,-0.1031528319999999,-0.065756298,d-d
360700,8773165.0,129,赣州市,115.272968,25.70884414,0.486801338,0.291947741,0.503254417,-0.194853597,0.2113066759999999,d-u
360800,5043192.0,130,吉安市,114.8246945,26.9736376,0.63352751,0.437588464,0.332390472,-0.1959390459999999,-0.105197992,d-d
360900,5683278.0,131,宜春市,115.0191655,28.54798759,0.481596763,0.465044491,0.396189916,-0.0165522719999999,-0.068854575,s-d
361000,4101755.0,132,抚州市,116.4343458,27.51000329,0.465960143,0.485178915,0.337566673,0.0192187719999999,-0.147612242,s-d
361100,6902588.0,133,上饶市,117.9175469,28.76331198,0.630194398,0.541360192,0.512835482,-0.088834206,-0.02852471,d-s
370100,8506318.0,134,济南市,117.214758,36.63710369,0.536672354,0.65168358,0.561951425,0.115011226,-0.089732155,u-d
370200,9119336.0,135,青岛市,120.1423736,36.45381324,0.56106454,0.620408048,0.542079359,0.0593435080000001,-0.078328689,u-d
370300,4736182.0,136,淄博市,118.0533005,36.60772751,0.488068463,0.543787364,0.505906762,0.055718901,-0.037880602,u-s
370400,3917607.0,137,枣庄市,117.3932935,34.91596425,0.53829358,0.438170434,0.427867094,-0.100123146,-0.0103033399999999,d-s
370500,2125215.0,138,东营市,118.6015388,37.62220247,0.545150327,0.557429605,0.596418119,0.012279278,0.0389885139999999,s-s
370600,7298017.0,139,烟台市,120.8002433,37.23709901,0.564412877,0.593018097,0.576918579,0.0286052199999999,-0.0160995179999999,s-s
370700,9559272.0,140,潍坊市,119.0711012,36.54564827,0.611741218,0.680966358,0.58949841,0.06922514,-0.091467948,u-d
370800,8469047.0,141,济宁市,116.7349627,35.36850166,0.552486434,0.569192863,0.515383722,0.016706429,-0.053809141,s-d
370900,5764871.0,142,泰安市,117.0258318,36.00098447,0.428409571,0.524594725,0.363622469,0.096185154,-0.160972256,u-d
371000,2937487.0,143,威海市,121.982989,37.12021299,0.461849652,0.581505431,0.469284931,0.1196557789999999,-0.1122204999999999,u-d
371100,2939185.0,144,日照市,119.1351101,35.58295534,0.467069332,0.335840991,0.416613236,-0.131228341,0.080772245,d-u
371300,10527665.0,145,临沂市,118.2804686,35.30908739,0.718563417,0.718254824,0.539655778,-0.000308593,-0.1785990459999999,s-d
371400,5837846.0,146,德州市,116.6464057,37.2477231,0.54889288,0.579045329,0.430020821,0.030152449,-0.149024508,s-d
371500,6071636.0,147,聊城市,115.880558,36.45851776,0.52627625,0.502300123,0.509384697,-0.0239761269999999,0.0070845739999999,s-s
371600,3928745.0,148,滨州市,117.8376761,37.53162765,0.601382492,0.709591012,0.606218228,0.1082085199999999,-0.1033727839999999,u-d
371700,8736682.0,149,菏泽市,115.6924321,35.15043135,0.621190537,0.487316279,0.523061322,-0.133874258,0.0357450429999999,d-s
410100,9047384.0,150,郑州市,113.4689766,34.62787112,0.549728255,0.640436092,0.526253456,0.0907078369999999,-0.114182636,u-d
410200,4921328.0,151,开封市,114.5354602,34.60395183,0.373117125,0.356466463,0.248323434,-0.0166506619999999,-0.108143029,s-d
410300,6897611.0,152,洛阳市,112.0311679,34.29106922,0.463491621,0.32038004,0.414239376,-0.143111581,0.093859336,d-u
410400,5131972.0,153,平顶山市,112.9629734,33.94085377,0.540270971,0.446597232,0.478687803,-0.0936737389999999,0.032090571,d-s
410500,5454768.0,154,安阳市,114.6433447,35.47480729,0.54193837,0.614836729,0.440836027,0.0728983589999999,-0.1740007019999999,u-d
410600,1642450.0,155,鹤壁市,114.3687924,35.63933761,0.480416225,0.327534854,0.316192674,-0.152881371,-0.0113421799999999,d-s
410700,5971666.0,156,新乡市,114.0885382,35.26212749,0.51869896,0.486595684,0.435443994,-0.032103276,-0.0511516899999999,s-d
410800,3692371.0,157,焦作市,113.1291004,35.11685597,0.471386348,0.410133228,0.390339492,-0.0612531199999999,-0.019793736,d-s
410900,3775953.0,158,濮阳市,115.1724918,35.8070103,0.671282165,0.411531366,0.505407731,-0.259750799,0.093876365,d-u
411000,4472454.0,159,许昌市,113.7095601,34.07259161,0.455385445,0.25521144,0.336143297,-0.200174005,0.080931857,d-u
411100,2675692.0,160,漯河市,113.8998845,33.65574646,0.545033633,0.405736333,0.422762884,-0.1392972999999999,0.017026551,d-s
411200,2352753.0,161,三门峡市,110.7733042,34.22540864,0.515643515,0.455876044,0.544881275,-0.059767471,0.089005231,d-u
411300,10786580.0,162,南阳市,112.2845019,33.04274906,0.54592484,0.500136303,0.492111998,-0.0457885369999999,-0.008024305,s-s
411400,7740299.0,163,商丘市,115.6982094,34.28842065,0.547913875,0.33232614,0.514657723,-0.215587735,0.182331583,d-u
411500,6398890.0,164,信阳市,114.8838967,32.081181,0.509325199,0.320104759,0.421482328,-0.1892204399999999,0.101377569,d-u
411600,9382093.0,165,周口市,114.8777881,33.72175098,0.455891779,0.333668723,0.452854421,-0.122223056,0.119185698,d-u
411700,7572814.0,166,驻马店市,114.1508655,32.92337552,0.597989117,0.534620934,0.412169582,-0.063368183,-0.122451352,d-d
419001,709967.0,167,济源市,112.3918669,35.10028465,0.422671103,0.213047404,0.471715436,-0.209623699,0.258668032,d-u
420100,10252936.0,168,武汉市,114.3429581,30.62357271,0.458607062,0.54740631,0.425576252,0.0887992479999999,-0.1218300579999999,u-d
420200,2551653.0,169,黄石市,115.0252829,29.92682798,0.374578058,0.280421562,0.4097771,-0.0941564959999999,0.129355538,d-u
420300,3505810.0,170,十堰市,110.4420068,32.45611067,0.607605828,0.534273635,0.512553114,-0.0733321929999999,-0.0217205209999999,d-s
420500,4248006.0,171,宜昌市,111.1351465,30.74698162,0.597299019,0.47529078,0.560833065,-0.122008239,0.0855422849999999,d-u
420600,5761743.0,172,襄阳市,111.9367791,31.93081502,0.508122232,0.482859884,0.431591654,-0.0252623479999999,-0.05126823,s-d
420700,1096650.0,173,鄂州市,114.939396,30.31248073,0.415608634,0.332764855,0.326373893,-0.0828437789999999,-0.006390962,d-s
420800,3011574.0,174,荆门市,112.6082606,31.06895909,0.586707859,0.463097428,0.579552834,-0.123610431,0.116455406,d-u
420900,5048752.0,175,孝感市,113.8792056,31.11825705,0.374738565,0.272727876,0.291113724,-0.102010689,0.018385848,d-s
421000,5985734.0,176,荆州市,112.6631991,29.85453893,0.636130412,0.501489006,0.491504505,-0.1346414059999999,-0.009984501,d-s
421100,6478377.0,177,黄冈市,115.3397301,30.71586232,0.386360943,0.249775227,0.426381929,-0.136585716,0.176606702,d-u
421200,2581605.0,178,咸宁市,114.175159,29.62364297,0.442182654,0.238617554,0.320503008,-0.2035651,0.0818854539999999,d-u
421300,2271739.0,179,随州市,113.4240872,31.82837146,0.513288488,0.108448422,0.326501425,-0.404840066,0.218053003,d-u
422800,3448470.0,180,恩施土家族苗族自治州,109.5490264,30.19157151,0.458225464,0.232176928,0.516302522,-0.226048536,0.284125594,d-u
429004,1234552.0,181,仙桃市,113.3750901,30.29012704,0.397542522,0.058470788,0.402280905,-0.339071734,0.343810117,d-u
429005,981610.0,182,潜江市,112.7560767,30.33904096,0.563269962,0.417907545,0.28175656,-0.145362417,-0.136150985,d-d
429006,1477363.0,183,天门市,113.1116544,30.64490338,0.483807689,0.179594787,0.227890064,-0.3042129019999999,0.048295277,d-s
429021,80104.0,351,神农架林区,110.4747428,31.59036868,0.468250722,0.0,0.016444582,-0.468250722,0.016444582,d-s
430100,7395941.0,184,长沙市,113.1530686,28.22690849,0.432096051,0.52090862,0.452592101,0.088812569,-0.068316519,u-d
430200,4056018.0,185,株洲市,113.5164338,27.11983518,0.442543165,0.42885921,0.421295049,-0.013683955,-0.007564161,s-s
430300,2866500.0,186,湘潭市,112.5404638,27.70224085,0.480308148,0.312273549,0.409897409,-0.168034599,0.09762386,d-u
430400,7482228.0,187,衡阳市,112.5743855,26.79436065,0.559752996,0.415774207,0.510030194,-0.1439787889999999,0.094255987,d-u
430500,7411305.0,188,邵阳市,110.8746939,26.91362303,0.485457145,0.435238909,0.285872009,-0.0502182359999999,-0.1493669,d-d
430600,5745100.0,189,岳阳市,113.2544875,29.0653122,0.40867055,0.451774739,0.385133487,0.0431041889999999,-0.0666412519999999,s-d
430700,5991826.0,190,常德市,111.5195467,29.30011326,0.388843068,0.341515309,0.247878115,-0.047327759,-0.0936371939999999,s-d
430800,1551047.0,191,张家界市,110.5255853,29.39360373,0.045398852,0.000254959,0.053707809,-0.045143893,0.05345285,s-u
430900,4528739.0,192,益阳市,111.951003,28.57510964,0.391705888,0.363368115,0.226655966,-0.028337773,-0.136712149,s-d
431000,4801944.0,193,郴州市,113.1367444,25.81469595,0.412842409,0.353849635,0.25504817,-0.058992774,-0.0988014649999999,d-d
431100,5456459.0,194,永州市,111.7294365,25.77465205,0.653310223,0.585479286,0.412105409,-0.0678309369999999,-0.173373877,d-d
431200,4963860.0,195,怀化市,110.0753731,27.54885027,0.459352514,0.442603555,0.259042793,-0.016748959,-0.183560762,s-d
431300,3974582.0,196,娄底市,111.2061696,27.85937945,0.401424278,0.210617522,0.489352618,-0.190806756,0.278735096,d-u
433100,2674646.0,197,湘西土家族苗族自治州,109.7269277,28.6946923,0.61582138,0.420870591,0.33401152,-0.1949507889999999,-0.086859071,d-d
440100,13329125.0,198,广州市,113.534913,23.35353765,0.544404144,0.549017858,0.457447648,0.0046137139999999,-0.09157021,s-d
440200,2967939.0,199,韶关市,113.7745254,24.82050491,0.48461815,0.24282341,0.403728936,-0.24179474,0.160905526,d-u
440300,10829089.0,200,深圳市,113.9694664,22.66192176,0.431167915,0.431539082,0.434815873,0.000371167,0.003276791,s-s
440400,1643140.0,201,珠海市,113.2331956,22.14621552,0.37332353,0.451230664,0.47678474,0.0779071339999999,0.0255540759999999,u-s
440500,5648989.0,202,汕头市,116.5764025,23.29456009,0.441445091,0.545062023,0.467526446,0.1036169319999999,-0.0775355769999999,u-d
440600,7522713.0,203,佛山市,112.9444508,23.00640786,0.449566261,0.533890062,0.47173805,0.0843238009999999,-0.0621520119999999,u-d
440700,4667268.0,204,江门市,112.668483,22.29772662,0.471877237,0.560530619,0.481063358,0.088653382,-0.079467261,u-d
440800,7329219.0,205,湛江市,110.3153565,20.4664191,0.431155215,0.504415784,0.402272647,0.073260569,-0.102143137,u-d
440900,6109030.0,206,茂名市,110.9509804,22.01536935,0.562838132,0.290126258,0.286885421,-0.2727118739999999,-0.003240837,d-s
441200,4115077.0,207,肇庆市,112.2053493,23.53755271,0.374388025,0.23012542,0.263317077,-0.144262605,0.033191657,d-s
441300,4840007.0,208,惠州市,114.4982324,23.24368647,0.404781701,0.457015776,0.384494832,0.0522340749999999,-0.0725209439999999,u-d
441400,4445146.0,209,梅州市,116.0792072,24.20278157,0.366099059,0.129999972,0.232190945,-0.236099087,0.102190973,d-u
441500,3080528.0,210,汕尾市,115.5324429,23.01478049,0.386137455,0.213883741,0.299053318,-0.172253714,0.085169577,d-u
441600,3084243.0,211,河源市,114.9576599,24.04448717,0.330205371,0.295490477,0.348357655,-0.034714894,0.052867178,s-u
441700,2543439.0,212,阳江市,111.7697497,22.04568024,0.48387663,0.247055029,0.224913775,-0.2368216009999999,-0.022141254,d-s
441800,3885718.0,213,清远市,112.8744778,24.3147376,0.336881225,0.158721441,0.398165931,-0.178159784,0.2394444899999999,d-u
441900,8619492.0,214,东莞市,113.8838798,22.98704535,0.416022671,0.46520875,0.460914057,0.0491860789999999,-0.004294693,s-s
442000,3267085.0,215,中山市,113.3843708,22.52046658,0.674765215,0.603665769,0.564963077,-0.0710994459999999,-0.0387026919999999,d-s
445100,2801067.0,216,潮州市,116.7721161,23.79625625,0.59589671,0.471224394,0.197128026,-0.124672316,-0.274096368,d-d
445200,6168784.0,217,揭阳市,116.1169032,23.33832371,0.570340181,0.456777567,0.337961687,-0.1135626139999999,-0.1188158799999999,d-d
445300,2481030.0,218,云浮市,111.7841318,22.87383432,0.483393914,0.282554705,0.27360506,-0.2008392089999999,-0.008949645,d-s
450100,6967676.0,219,南宁市,108.463204,23.05701343,0.674241084,0.710367928,0.541491955,0.0361268439999999,-0.168875973,s-d
450200,3935675.0,220,柳州市,109.3713495,24.94763523,0.482092056,0.420488301,0.420759845,-0.0616037549999999,0.000271544,d-s
450300,4981342.0,221,桂林市,110.5141663,25.35499997,0.381890759,0.475609344,0.471308422,0.0937185849999999,-0.0043009219999999,u-s
450400,3021217.0,222,梧州市,110.9912815,23.2005409,0.607567737,0.357284183,0.492552596,-0.250283554,0.135268413,d-u
450500,1612114.0,223,北海市,109.3347867,21.68204536,0.565370241,0.400540641,0.505200357,-0.1648296,0.104659716,d-u
450600,897628.0,224,防城港市,107.9957157,21.88450163,0.31750687,0.475096914,0.460156071,0.1575900439999999,-0.0149408429999999,u-s
450700,3247214.0,225,钦州市,109.0262172,22.18458973,0.593050271,0.559622581,0.509135862,-0.03342769,-0.0504867189999999,s-d
450800,4323027.0,226,贵港市,109.9985092,23.30829265,0.429822701,0.190241458,0.473076783,-0.2395812429999999,0.2828353249999999,d-u
450900,5743646.0,227,玉林市,110.1814531,22.44128774,0.56357237,0.368354702,0.575352482,-0.195217668,0.20699778,d-u
451000,3638064.0,228,百色市,107.0238442,23.66909186,0.336443364,0.286465271,0.518582224,-0.049978093,0.2321169529999999,s-u
451100,2055609.0,229,贺州市,111.3622823,24.35972994,0.539334642,0.366072388,0.459792857,-0.173262254,0.0937204689999999,d-u
451200,3540574.0,230,河池市,107.861436,24.3655082,0.372186934,0.500291192,0.50827648,0.128104258,0.0079852879999999,u-s
451300,2207142.0,231,来宾市,109.4340344,23.64566645,0.289711881,0.571668685,0.244306356,0.281956804,-0.327362329,u-d
451400,2099070.0,232,崇左市,107.2734696,22.50302151,0.495511567,0.647804028,0.545759198,0.152292461,-0.10204483,u-d
460100,2144806.0,233,海口市,110.4209458,19.83172461,0.520301391,0.585555447,0.438453099,0.065254056,-0.1471023479999999,u-d
460200,718649.0,234,三亚市,109.4183047,18.39351685,0.376945573,0.21119387,0.178467085,-0.1657517029999999,-0.032726785,d-s
460300,0.0,352,三沙市,113.8588611,19.19774678,0.0,0.0,0.0,0.0,0.0,s-s
460400,981327.0,235,儋州市,109.4022146,19.56772251,0.560800539,0.392025684,0.336882981,-0.168774855,-0.0551427029999999,d-d
469001,111354.0,236,五指山市,109.507475,18.82570302,0.048069881,0.0,0.521819239,-0.048069881,0.521819239,s-u
469002,507287.0,237,琼海市,110.4027496,19.21080525,0.308690612,0.330844406,0.242275672,0.022153794,-0.0885687339999999,s-d
469005,563283.0,238,文昌市,110.7695764,19.74563874,0.21013677,0.012775513,0.275771232,-0.197361257,0.2629957189999999,d-u
469006,571443.0,239,万宁市,110.2814075,18.83571583,0.324033983,0.193061116,0.392807679,-0.130972867,0.199746563,d-u
469007,428553.0,240,东方市,108.8401876,18.99429695,0.559078601,0.12013687,0.301321428,-0.4389417309999999,0.181184558,d-u
469021,300931.0,241,定安县,110.3076251,19.48515449,0.04144972,0.046978282,0.079015659,0.005528562,0.032037377,s-s
469022,268563.0,242,屯昌县,110.0511244,19.34290429,0.396114492,0.096627458,0.042838858,-0.299487034,-0.0537886,d-d
469023,487071.0,243,澄迈县,109.9851436,19.68841738,0.329131997,0.639764261,0.222430146,0.3106322639999999,-0.4173341149999999,u-d
469024,448440.0,244,临高县,109.7132667,19.80191504,0.104249904,0.711458527,0.080706896,0.607208623,-0.630751631,u-d
469025,175567.0,245,白沙黎族自治县,109.3479248,19.21140469,0.141869771,0.0,0.0,-0.141869771,0.0,d-s
469026,234603.0,246,昌江黎族自治县,108.9787783,19.31821237,0.219907867,0.710344632,0.240249114,0.490436765,-0.4700955179999999,u-d
469027,481378.0,247,乐东黎族自治县,109.0523074,18.65419959,0.895011288,0.0,0.779859272,-0.895011288,0.779859272,d-u
469028,336681.0,248,陵水黎族自治县,109.9379033,18.57157194,0.882832628,0.314134872,0.728278378,-0.5686977559999999,0.4141435059999999,d-u
469029,151601.0,249,保亭黎族苗族自治县,109.6465777,18.59140979,0.464385128,0.229118885,0.306877574,-0.2352662429999999,0.0777586889999999,d-u
469030,181724.0,250,琼中黎族苗族自治县,109.8509447,19.03516864,0.19009286,0.043006472,0.38659168,-0.147086388,0.343585208,d-u
500000,30240747.0,251,重庆市,107.874403,30.05722342,0.52051973,0.456188704,0.448057695,-0.0643310259999999,-0.008131009,d-s
510100,15832164.0,252,成都市,103.9299544,30.65342702,0.527712009,0.564801703,0.490460901,0.0370896939999999,-0.0743408019999999,s-d
510300,2813808.0,253,自贡市,104.9642106,29.22428741,0.618008939,0.440373367,0.570231032,-0.1776355719999999,0.129857665,d-u
510400,1274682.0,254,攀枝花市,101.7299564,26.80659978,0.274969949,0.014845709,0.133987992,-0.26012424,0.119142283,d-u
510500,4428118.0,255,泸州市,105.4509562,28.55072564,0.645655569,0.42898491,0.640011374,-0.216670659,0.2110264639999999,d-u
510600,3809877.0,256,德阳市,104.4350155,31.13018393,0.443010165,0.372710824,0.489297535,-0.070299341,0.116586711,d-u
510700,4841160.0,257,绵阳市,104.7032605,31.8489839,0.518678693,0.467808232,0.511904295,-0.050870461,0.044096063,d-s
510800,2616094.0,258,广元市,105.7824895,32.26219851,0.494146503,0.282708011,0.386389676,-0.211438492,0.103681665,d-u
510900,3423633.0,259,遂宁市,105.4716257,30.63161468,0.572750865,0.530026456,0.458814022,-0.042724409,-0.0712124339999999,s-d
511000,3845088.0,260,内江市,104.9113969,29.64068851,0.530613899,0.409656478,0.558315523,-0.120957421,0.148659045,d-u
511100,3395878.0,261,乐山市,103.5703616,29.21607378,0.537965967,0.291279921,0.382915586,-0.246686046,0.0916356649999999,d-u
511300,6561470.0,262,南充市,106.2037808,31.19561078,0.581470313,0.44681728,0.566065327,-0.1346530329999999,0.119248047,d-u
511400,3103249.0,263,眉山市,104.0908138,29.99575674,0.498013351,0.359493823,0.401346021,-0.138519528,0.041852198,d-s
511500,4699756.0,264,宜宾市,104.6356153,28.57325794,0.649303547,0.538087011,0.50968106,-0.111216536,-0.0284059509999999,d-s
511600,3600478.0,265,广安市,106.6633118,30.42621804,0.607706551,0.747098554,0.578669569,0.139392003,-0.168428985,u-d
511700,5759375.0,266,达州市,107.644772,31.36588372,0.611110051,0.581951465,0.52122082,-0.029158586,-0.0607306449999999,s-d
511800,1577528.0,267,雅安市,102.6638011,29.91221795,0.367753148,0.141318547,0.186666701,-0.2264346009999999,0.045348154,d-s
511900,3414741.0,268,巴中市,107.0380279,32.01703734,0.579790437,0.325217239,0.667588483,-0.254573198,0.3423712439999999,d-u
512000,2743651.0,269,资阳市,105.1153914,30.10038831,0.473670768,0.593472206,0.377795299,0.1198014379999999,-0.2156769069999999,u-d
513200,943295.0,270,阿坝藏族羌族自治州,102.6094439,32.40024295,0.704309954,0.209187645,0.302045425,-0.495122309,0.0928577799999999,d-u
513300,1145135.0,271,甘孜藏族自治州,99.99701819,30.94856032,0.579738907,0.563819259,0.519016904,-0.015919648,-0.0448023549999999,s-s
513400,4754360.0,272,凉山彝族自治州,102.0796231,27.88693667,0.68842541,0.507891957,0.23840391,-0.180533453,-0.269488047,d-d
520100,4530580.0,273,贵阳市,106.7064717,26.8415517,0.411595779,0.61353849,0.428057127,0.201942711,-0.185481363,u-d
520200,2977841.0,274,六盘水市,104.6615864,25.87215448,0.446634603,0.14412238,0.248600229,-0.302512223,0.104477849,d-u
520300,6421280.0,275,遵义市,107.0849211,28.16852533,0.568358346,0.561619701,0.519659743,-0.0067386449999999,-0.041959958,s-s
520400,2403269.0,276,安顺市,105.9490019,25.99505999,0.55070319,0.54013768,0.448870496,-0.01056551,-0.0912671839999999,s-d
520500,6877571.0,277,毕节市,105.2126886,27.06641458,0.571999923,0.558149218,0.248789181,-0.013850705,-0.3093600369999999,s-d
520600,3252107.0,278,铜仁市,108.5412675,27.97187811,0.588718876,0.385041371,0.399903538,-0.2036775049999999,0.0148621669999999,d-s
522300,2941863.0,279,黔西南布依族苗族自治州,105.4643829,25.26552199,0.647481806,0.584877174,0.271832906,-0.062604632,-0.313044268,d-d
522600,3652734.0,280,黔东南苗族侗族自治州,108.5575473,26.5057259,0.473098936,0.440002478,0.289233853,-0.033096458,-0.150768625,s-d
522700,3393902.0,281,黔南布依族苗族自治州,107.2500744,26.0131076,0.565765879,0.520750479,0.414944023,-0.0450153999999999,-0.105806456,s-d
530100,6746785.0,282,昆明市,102.8728056,25.38711448,0.411008782,0.575008951,0.40911917,0.164000169,-0.165889781,u-d
530300,6137275.0,283,曲靖市,103.9377414,25.70356472,0.329409424,0.4366133,0.218972862,0.1072038759999999,-0.217640438,u-d
530400,2451301.0,284,玉溪市,101.7428399,23.9193061,0.459028079,0.304221875,0.2492188,-0.154806204,-0.0550030749999999,d-d
530500,2627902.0,285,保山市,98.97093904,24.97673568,0.290937362,0.065202177,0.029703952,-0.2257351849999999,-0.035498225,d-s
530600,5471794.0,286,昭通市,104.0021511,27.65349544,0.313021154,0.532061055,0.189319595,0.2190399009999999,-0.34274146,u-d
530700,1304041.0,287,丽江市,100.5239007,26.94066077,0.088488454,0.028276561,0.14974538,-0.0602118929999999,0.121468819,d-u
530800,2655882.0,288,普洱市,100.7203563,23.18600938,0.188340461,0.138326475,0.339705431,-0.0500139859999999,0.201378956,d-u
530900,2552931.0,289,临沧市,99.6092915,23.79702732,0.180376834,0.0,0.065953497,-0.180376834,0.065953497,d-u
532300,2808805.0,290,楚雄彝族自治州,101.5680705,25.35191018,0.294928679,0.113087548,0.20027984,-0.181841131,0.0871922919999999,d-u
532500,4701361.0,291,红河哈尼族彝族自治州,103.0350487,23.43975774,0.407051444,0.52867697,0.169241323,0.121625526,-0.359435647,u-d
532600,3687397.0,292,文山壮族苗族自治州,104.714447,23.68899453,0.28293354,0.165880063,0.134561562,-0.1170534769999999,-0.031318501,d-s
532800,1195596.0,293,西双版纳傣族自治州,100.8932101,22.10998956,0.268651857,0.062304095,0.30740619,-0.206347762,0.245102095,d-u
532900,3623427.0,294,大理白族自治州,100.0392327,25.72799586,0.564112421,0.546737739,0.509127155,-0.017374682,-0.0376105839999999,s-s
533100,1272912.0,295,德宏傣族景颇族自治州,98.08502122,24.55900091,0.365876287,0.058410011,0.100759779,-0.307466276,0.0423497679999999,d-s
533300,557395.0,296,怒江傈僳族自治州,99.26595518,26.62832663,0.139720514,0.0,9.85e-05,-0.139720514,9.85e-05,d-s
533400,421198.0,297,迪庆藏族自治州,99.43976826,27.95698272,0.362647412,0.036395613,0.394878499,-0.326251799,0.358482886,d-u
540100,586837.0,298,拉萨市,91.08977786,30.03699292,0.447189866,0.434576284,0.469073327,-0.012613582,0.034497043,s-s
540200,739698.0,353,日喀则市,86.48437562,29.48981775,0.611968642,0.033268524,0.530821712,-0.578700118,0.4975531879999999,d-u
540300,692606.0,354,昌都市,97.73475716,30.88499323,0.42658031,0.361469443,0.047462285,-0.065110867,-0.314007158,d-d
540400,509017.0,299,林芝市,95.24369372,29.20196873,0.50854691,0.525717263,0.327945338,0.017170353,-0.197771925,s-d
540500,1125742.0,355,山南市,93.28342698,27.83564052,0.380890934,0.819165249,0.832212693,0.4382743149999999,0.013047444,u-s
540600,482869.0,356,那曲市,89.26405538,32.73971614,0.844648389,0.987640656,0.83758359,0.1429922669999999,-0.1500570659999999,u-d
542500,101959.0,357,阿里地区,82.55783456,33.02939231,0.037135985,0.052025392,0.166411685,0.0148894069999999,0.114386293,s-u
610100,8959026.0,300,西安市,108.7918545,34.10692425,0.481612623,0.448420793,0.336157123,-0.03319183,-0.1122636699999999,s-d
610200,878644.0,301,铜川市,109.0321533,35.19566517,0.438416695,0.401251613,0.52681419,-0.037165082,0.1255625769999999,s-u
610300,3895927.0,302,宝鸡市,107.2000299,34.37878942,0.398109901,0.448534063,0.50892648,0.0504241619999999,0.0603924169999999,u-u
610400,5254316.0,303,咸阳市,108.3904668,34.78453823,0.454717546,0.53945279,0.570386408,0.084735244,0.0309336179999999,u-s
610500,5537936.0,304,渭南市,109.8507668,34.95004769,0.380636524,0.503300673,0.509459093,0.122664149,0.0061584199999999,u-s
610600,2290719.0,305,延安市,109.3152027,36.43718397,0.445795893,0.419622028,0.596797524,-0.026173865,0.177175496,s-u
610700,3581103.0,306,汉中市,107.1015142,33.09055454,0.541988524,0.437939788,0.663477761,-0.1040487359999999,0.225537973,d-u
610800,3521038.0,307,榆林市,109.5662544,38.03781757,0.62569751,0.696377004,0.565080852,0.070679494,-0.131296152,u-d
610900,2754378.0,308,安康市,108.9265447,32.75723318,0.56431287,0.33608767,0.692435594,-0.2282251999999999,0.356347924,d-u
611000,2456140.0,309,商洛市,109.9012688,33.64709694,0.40579596,0.369519151,0.61619446,-0.036276809,0.246675309,s-u
620100,3800769.0,310,兰州市,103.6541867,36.35004255,0.496596301,0.591977054,0.539773584,0.0953807529999999,-0.05220347,u-d
620200,243150.0,311,嘉峪关市,98.20961949,39.82902699,0.405409021,0.114535059,0.277967823,-0.290873962,0.163432764,d-u
620300,486593.0,312,金昌市,102.0469365,38.43257257,0.499335811,0.426332782,0.391034594,-0.073003029,-0.035298188,d-s
620400,1796092.0,313,白银市,105.0308675,36.22963886,0.324352866,0.46860451,0.307367066,0.1442516439999999,-0.1612374439999999,u-d
620500,3406653.0,314,天水市,105.7372083,34.64769464,0.590348553,0.570503448,0.58322387,-0.019845105,0.012720422,s-s
620600,1892978.0,315,武威市,103.0589664,38.17695972,0.353166664,0.275850993,0.42909747,-0.077315671,0.153246477,d-u
620700,1257793.0,316,张掖市,99.82780288,38.95299234,0.537671634,0.361132248,0.615829765,-0.1765393859999999,0.254697517,d-u
620800,2183847.0,317,平凉市,107.2305251,35.19857531,0.690968802,0.617120418,0.649206388,-0.073848384,0.03208597,d-s
620900,1150196.0,318,酒泉市,96.05566336,40.26018494,0.551304367,0.560358678,0.617300558,0.009054311,0.05694188,s-u
621000,2310128.0,319,庆阳市,107.5905504,36.16202142,0.580878958,0.427698304,0.560833591,-0.153180654,0.133135287,d-u
621100,2836261.0,320,定西市,104.4525105,35.11986746,0.391333303,0.350817587,0.543676796,-0.040515716,0.1928592089999999,s-u
621200,2694037.0,321,陇南市,105.2203504,33.59727011,0.672053428,0.477380552,0.592394673,-0.194672876,0.115014121,d-u
622900,2034712.0,322,临夏回族自治州,103.2801699,35.63018333,0.237140901,0.216182936,0.16387026,-0.0209579649999999,-0.052312676,s-d
623000,721046.0,323,甘南藏族自治州,102.7612846,34.85908713,0.398723519,0.344613826,0.146908061,-0.054109693,-0.197705765,d-d
630100,2316169.0,324,西宁市,101.437458,36.82797011,0.13856495,0.061330413,0.152603468,-0.0772345369999999,0.0912730549999999,d-u
630200,1468655.0,325,海东市,102.3436915,36.33201517,0.217688787,0.463803477,0.20660243,0.24611469,-0.257201047,u-d
632200,286601.0,326,海北藏族自治州,100.3029106,37.75892498,0.594668779,0.0,0.03578693,-0.594668779,0.03578693,d-s
632300,267248.0,358,黄南藏族自治州,101.5690612,34.84997192,0.242660212,0.0,0.004861807,-0.242660212,0.004861807,d-s
632500,463211.0,327,海南藏族自治州,100.2533286,35.90236205,0.84423314,0.000716153,0.161030418,-0.843516987,0.160314265,d-u
632600,190621.0,359,果洛藏族自治州,99.41993734,34.11574328,0.19675767,0.0,0.015461015,-0.19675767,0.015461015,d-s
632700,396664.0,360,玉树藏族自治州,94.32138778,34.21085634,0.001961646,0.0,0.07545808,-0.001961646,0.07545808,s-u
632800,512936.0,328,海西蒙古族藏族自治州,94.90238236,37.00336841,0.415543604,0.507071475,0.430091297,0.091527871,-0.076980178,u-d
640100,2063762.0,329,银川市,106.0832408,38.51412144,0.288735926,0.553768764,0.361471482,0.265032838,-0.1922972819999999,u-d
640200,762394.0,330,石嘴山市,106.513046,39.00650282,0.513569184,0.592571898,0.559474064,0.079002714,-0.0330978339999999,u-s
640300,1369547.0,331,吴忠市,106.5275621,37.46166133,0.498930438,0.625827003,0.461088272,0.126896565,-0.164738731,u-d
640400,1212257.0,332,固原市,106.1818049,35.91724352,0.539255579,0.61123691,0.245574224,0.071981331,-0.365662686,u-d
640500,1201328.0,333,中卫市,105.5009565,37.01372234,0.463947983,0.513675851,0.384444974,0.049727868,-0.129230877,s-d
650100,3266893.0,334,乌鲁木齐市,87.78649488,43.75350361,0.396074955,0.539191452,0.371309858,0.1431164969999999,-0.1678815939999999,u-d
650200,357109.0,335,克拉玛依市,84.93813283,45.24481983,0.535843313,0.184785157,0.352665578,-0.351058156,0.1678804209999999,d-u
650400,650239.0,336,吐鲁番市,89.81562963,42.39130325,0.331504815,0.020341003,0.552964432,-0.311163812,0.532623429,d-u
650500,599545.0,337,哈密市,93.51472769,43.03894438,0.385767232,0.022182954,0.172245581,-0.363584278,0.150062627,d-u
652300,1498050.0,338,昌吉回族自治州,89.78831593,44.34420826,0.445584913,0.374005647,0.427667719,-0.071579266,0.053662072,d-u
652700,418469.0,339,博尔塔拉蒙古自治州,81.84105121,44.82060073,0.378511901,0.102540446,0.069456613,-0.275971455,-0.0330838329999999,d-s
652800,1293166.0,340,巴音郭楞蒙古自治州,87.46372951,39.49386986,0.458072192,0.291333498,0.307153786,-0.1667386939999999,0.0158202879999999,d-s
652900,2487425.0,341,阿克苏地区,82.56959439,41.01771284,0.246881133,0.127755213,0.156323946,-0.11912592,0.0285687329999999,d-s
653000,556113.0,361,克孜勒苏柯尔克孜自治州,76.18803712,38.20953749,0.972587258,0.888469583,0.641211441,-0.084117675,-0.2472581419999999,d-d
653100,4169303.0,342,喀什地区,77.22184746,38.15650398,0.177618547,0.092624715,0.169863467,-0.0849938319999999,0.077238752,d-u
653200,2065763.0,343,和田地区,79.29564633,35.79381809,0.65733448,0.142987267,0.170150991,-0.5143472130000001,0.027163724,d-s
654000,2420726.0,344,伊犁哈萨克自治州,82.07592935,43.4325526,0.261753376,0.055782325,0.190169824,-0.205971051,0.134387499,d-u
654200,1345109.0,345,塔城地区,84.79845433,43.89388089,0.365235562,0.017000825,0.146882616,-0.348234737,0.129881791,d-u
654300,567300.0,346,阿勒泰地区,88.30017915,46.07144331,0.135281869,0.002862705,0.16515116,-0.132419164,0.162288455,d-u
659001,321544.0,347,石河子市,86.03566951,44.30551931,0.309428825,0.149795229,0.330412628,-0.159633596,0.1806173989999999,d-u
659002,165381.0,348,阿拉尔市,81.3100738,40.59826928,0.000767909,0.000340371,0.000461375,-0.000427538,0.0001210039999999,s-s
659003,142303.0,362,图木舒克市,79.1306425,39.88103847,0.99625372,0.16108556,0.270415363,-0.83516816,0.109329803,d-u
659004,101355.0,349,五家渠市,87.55472587,44.36169452,0.440430973,0.850534176,0.006227716,0.410103203,-0.84430646,u-d
659005,65180.0,363,北屯市,87.98370598,47.24177752,0.0,0.0,0.0,0.0,0.0,s-s
659006,45138.0,364,铁门关市,85.57631395,41.81959563,0.0,0.0,0.0,0.0,0.0,s-s
659007,46610.0,365,双河市,82.45274929,44.82679876,0.0,0.0,0.0,0.0,0.0,s-s
659008,81162.0,366,可克达拉市,80.58953383,43.93203994,0.0,0.0,0.0,0.0,0.0,s-s
659009,46947.0,367,昆玉市,79.29459821,37.27342701,0.0,0.0,0.0,0.0,0.0,s-s
659010,69781.0,368,胡杨河市,84.78887795,44.74032499,0.0,0.0,0.0,0.0,0.0,s-s
710000,23399534.0,369,台湾省,120.9722716,23.75042632,0.0,0.0,0.0,0.0,0.0,s-s
810000,7266917.0,370,香港特别行政区,114.0275762,22.4175568,0.0,0.0,0.0,0.0,0.0,s-s
820000,612965.0,371,澳门特别行政区,113.5669816,22.14164711,0.0,0.0,0.0,0.0,0.0,s-s
