city,2019,2020,2023,2020_change_rate,2023_change_rate,change,name
362,0.99625372,0.16108556,0.270415363,-83.83086991,67.87064154,d-u,图木舒克市
361,0.972587258,0.888469583,0.641211441,-8.648856368,-27.82966876,d-d,克孜勒苏柯尔克孜自治州
247,0.895011288,0,0.779859272,-100,100,d-u,乐东黎族自治县
248,0.882832628,0.314134872,0.728278378,-64.41739215,131.8362089,d-u,陵水黎族自治县
356,0.844648389,0.987640656,0.83758359,16.92920615,-15.19348815,u-d,那曲市
327,0.84423314,0.000716153,0.161030418,-99.91517118,22385.47699,d-u,海南藏族自治州
36,0.769948103,0.181113394,0.768064972,-76.47719459,324.0796084,d-u,阿拉善盟
145,0.718563417,0.718254824,0.539655778,-0.042945827,-24.86569391,s-d,临沂市
270,0.704309954,0.209187645,0.302045425,-70.29892254,44.38970571,d-u,阿坝藏族羌族自治州
317,0.690968802,0.617120418,0.649206388,-10.68765823,5.199304555,d-u,平凉市
272,0.68842541,0.507891957,0.23840391,-26.22411236,-53.06011314,d-d,凉山彝族自治州
215,0.674765215,0.603665769,0.564963077,-10.53691631,-6.411278225,d-d,中山市
219,0.674241084,0.710367928,0.541491955,5.358149311,-23.77302893,u-d,南宁市
87,0.674225403,0.602508798,0.530384955,-10.6368886,-11.97058752,d-d,杭州市
321,0.672053428,0.477380552,0.592394673,-28.96687494,24.09275378,d-u,陇南市
158,0.671282165,0.411531366,0.505407731,-38.69472668,22.81147265,d-u,濮阳市
86,0.662890217,0.594973513,0.547037933,-10.24554327,-8.056758654,d-d,宿迁市
37,0.660441579,0.676984264,0.620164273,2.504791571,-8.393103654,s-d,沈阳市
121,0.657437299,0.541256062,0.575946753,-17.67183535,6.409293759,d-u,龙岩市
343,0.65733448,0.142987267,0.170150991,-78.24741112,18.99730275,d-u,和田地区
88,0.654739119,0.650313694,0.591159765,-0.675906613,-9.096214572,s-d,宁波市
4,0.653676769,0.618483188,0.545345348,-5.383942442,-11.8253562,d-d,唐山市
85,0.653544006,0.698593265,0.643795618,6.893072018,-7.843998754,u-d,泰州市
194,0.653310223,0.585479286,0.412105409,-10.38265354,-29.61229904,d-d,永州市
74,0.651732317,0.635554216,0.617625392,-2.482322969,-2.820974757,s-s,南京市
264,0.649303547,0.538087011,0.50968106,-17.12858901,-5.279062757,d-d,宜宾市
89,0.648978659,0.641406843,0.554610114,-1.166728042,-13.53224244,s-d,温州市
279,0.647481806,0.584877174,0.271832906,-9.668940721,-53.52307833,d-d,黔西南布依族苗族自治州
82,0.64616524,0.536924253,0.58525774,-16.90604512,9.001919122,d-u,盐城市
255,0.645655569,0.42898491,0.640011374,-33.5582421,49.19204827,d-u,泸州市
176,0.636130412,0.501489006,0.491504505,-21.16569236,-1.990971064,d-s,荆州市
130,0.63352751,0.437588464,0.332390472,-30.92826166,-24.04039426,d-d,吉安市
116,0.632620134,0.617376422,0.607781123,-2.409615373,-1.554205612,s-s,莆田市
133,0.630194398,0.541360192,0.512835482,-14.09631794,-5.269081551,d-d,上饶市
307,0.62569751,0.696377004,0.565080852,11.2961124,-18.85417687,u-d,榆林市
149,0.621190537,0.487316279,0.523061322,-21.55123912,7.335080838,d-u,菏泽市
253,0.618008939,0.440373367,0.570231032,-28.74320431,29.48808323,d-u,自贡市
197,0.61582138,0.420870591,0.33401152,-31.65703487,-20.63795211,d-d,湘西土家族苗族自治州
353,0.611968642,0.033268524,0.530821712,-94.56368812,1495.567366,d-u,日喀则市
140,0.611741218,0.680966358,0.58949841,11.31608235,-13.4320803,u-d,潍坊市
266,0.611110051,0.581951465,0.52122082,-4.771413259,-10.435689,s-d,达州市
93,0.609773283,0.646816691,0.597277563,6.074947695,-7.658913057,u-d,金华市
265,0.607706551,0.747098554,0.578669569,22.93738693,-22.5444132,u-d,广安市
170,0.607605828,0.534273635,0.512553114,-12.06904042,-4.065430067,d-s,十堰市
222,0.607567737,0.357284183,0.492552596,-41.19434571,37.8601739,d-u,梧州市
148,0.601382492,0.709591012,0.606218228,17.99329402,-14.56793875,u-d,滨州市
117,0.601099781,0.486803563,0.485504389,-19.01451666,-0.26687849,d-s,三明市
166,0.597989117,0.534620934,0.412169582,-10.59687897,-22.90433169,d-d,驻马店市
171,0.597299019,0.47529078,0.560833065,-20.42665987,17.99788437,d-u,宜昌市
216,0.59589671,0.471224394,0.197128026,-20.92179969,-58.16684609,d-d,潮州市
326,0.594668779,0,0.03578693,-100,100,d-u,海北藏族自治州
83,0.593276057,0.595660771,0.633557063,0.401956892,6.362059388,s-u,扬州市
225,0.593050271,0.559622581,0.509135862,-5.636569383,-9.021565733,d-d,钦州市
99,0.592320093,0.460223415,0.43551053,-22.30156963,-5.369758294,d-d,芜湖市
11,0.591156128,0.546521218,0.622811009,-7.550443594,13.95916361,d-u,沧州市
314,0.590348553,0.570503448,0.58322387,-3.361591199,2.229683632,s-s,天水市
278,0.588718876,0.385041371,0.399903538,-34.59673425,3.859888344,d-s,铜仁市
174,0.586707859,0.463097428,0.579552834,-21.06848052,25.14706387,d-u,荆门市
80,0.584528535,0.480866604,0.581229347,-17.73428067,20.87122336,d-u,连云港市
6,0.582733649,0.55839272,0.467654359,-4.177024794,-16.24991834,s-d,邯郸市
262,0.581470313,0.44681728,0.566065327,-23.15733581,26.68832481,d-u,南充市
319,0.580878958,0.427698304,0.560833591,-26.37049456,31.12831773,d-u,庆阳市
81,0.580375786,0.565992872,0.596392025,-2.478207111,5.370942728,s-u,淮安市
114,0.580203326,0.666806768,0.512741678,14.9263953,-23.10490796,u-d,福州市
268,0.579790437,0.325217239,0.667588483,-43.90779526,105.2746297,d-u,巴中市
271,0.579738907,0.563819259,0.519016904,-2.746003038,-7.946226434,s-d,甘孜藏族自治州
77,0.578491335,0.637239988,0.614552015,10.15549403,-3.560349857,u-s,常州市
259,0.572750865,0.530026456,0.458814022,-7.459510166,-13.43563764,d-d,遂宁市
277,0.571999923,0.558149218,0.248789181,-2.421452249,-55.42604505,s-d,毕节市
217,0.570340181,0.456777567,0.337961687,-19.91138233,-26.01175902,d-d,揭阳市
275,0.568358346,0.561619701,0.519659743,-1.185633157,-7.471240401,s-d,遵义市
281,0.565765879,0.520750479,0.414944023,-7.956542038,-20.31807176,d-d,黔南布依族苗族自治州
223,0.565370241,0.400540641,0.505200357,-29.15427591,26.12961215,d-u,北海市
139,0.564412877,0.593018097,0.576918579,5.068137381,-2.714844299,u-s,烟台市
308,0.56431287,0.33608767,0.692435594,-40.44302587,106.0282646,d-u,安康市
294,0.564112421,0.546737739,0.509127155,-3.080003445,-6.879090525,s-d,大理白族自治州
227,0.56357237,0.368354702,0.575352482,-34.63932556,56.19523217,d-u,玉林市
182,0.563269962,0.417907545,0.28175656,-25.80688246,-32.57921199,d-d,潜江市
206,0.562838132,0.290126258,0.286885421,-48.4529847,-1.11704367,d-s,茂名市
135,0.56106454,0.620408048,0.542079359,10.5769486,-12.62535024,u-d,青岛市
235,0.560800539,0.392025684,0.336882981,-30.09534465,-14.06609446,d-d,儋州市
49,0.560017612,0.393698662,0.408008734,-29.69887847,3.63477791,d-s,朝阳市
187,0.559752996,0.415774207,0.510030194,-25.72184339,22.66999381,d-u,衡阳市
108,0.559698027,0.474155973,0.309420102,-15.28360828,-34.74297075,d-d,阜阳市
240,0.559078601,0.12013687,0.301321428,-78.5116315,150.8151145,d-u,东方市
50,0.557697535,0.43398595,0.565700838,-22.18255905,30.35003506,d-u,葫芦岛市
96,0.554220544,0.638373356,0.587725547,15.18399361,-7.933885167,u-d,台州市
113,0.554087638,0.620145597,0.548149492,11.92193337,-11.60954868,u-d,宣城市
141,0.552486434,0.569192863,0.515383722,3.023862302,-9.453586736,s-d,济宁市
125,0.551452057,0.475863175,0.305034711,-13.70724454,-35.89865175,d-d,萍乡市
318,0.551304367,0.560358678,0.617300558,1.642343421,10.16168433,s-u,酒泉市
276,0.55070319,0.54013768,0.448870496,-1.918548901,-16.89702226,s-d,安顺市
76,0.550541142,0.55008096,0.523385812,-0.083587214,-4.852948919,s-s,徐州市
150,0.549728255,0.640436092,0.526253456,16.50048659,-17.82888838,u-d,郑州市
146,0.54889288,0.579045329,0.430020821,5.493321211,-25.73624214,u-d,德州市
163,0.547913875,0.33232614,0.514657723,-39.34701143,54.86525466,d-u,商丘市
44,0.546770537,0.52289784,0.565411674,-4.366127175,8.130428307,s-u,营口市
162,0.54592484,0.500136303,0.492111998,-8.387333502,-1.604423624,d-s,南阳市
47,0.545424786,0.310035924,0.452993776,-43.1569793,46.11009271,d-u,盘锦市
13,0.545376818,0.64038459,0.58885146,17.42057397,-8.047215814,u-d,衡水市
138,0.545150327,0.557429605,0.596418119,2.252457238,6.994338595,s-u,东营市
160,0.545033633,0.405736333,0.422762884,-25.55756041,4.196457062,d-s,漯河市
198,0.544404144,0.549017858,0.457447648,0.847479589,-16.67891284,s-d,广州市
79,0.543737922,0.518395645,0.587072485,-4.66075217,13.24795852,s-u,南通市
306,0.541988524,0.437939788,0.663477761,-19.19759024,51.49976759,d-u,汉中市
154,0.54193837,0.614836729,0.440836027,13.45141127,-28.30031028,u-d,安阳市
153,0.540270971,0.446597232,0.478687803,-17.33828838,7.185573197,d-u,平顶山市
229,0.539334642,0.366072388,0.459792857,-32.12518546,25.60162199,d-u,贺州市
332,0.539255579,0.61123691,0.245574224,13.34827748,-59.82339745,u-d,固原市
137,0.53829358,0.438170434,0.427867094,-18.60010034,-2.351445739,d-s,枣庄市
261,0.537965967,0.291279921,0.382915586,-45.85532564,31.45965732,d-u,乐山市
100,0.537898028,0.330894217,0.410977138,-38.48383899,24.20197057,d-u,蚌埠市
316,0.537671634,0.361132248,0.615829765,-32.83405239,70.52749191,d-u,张掖市
134,0.536672354,0.65168358,0.561951425,21.43043612,-13.76928279,u-d,济南市
335,0.535843313,0.184785157,0.352665578,-65.51507642,90.8516808,d-u,克拉玛依市
115,0.534224475,0.589118051,0.485916433,10.27537647,-17.51798605,u-d,厦门市
43,0.533398245,0.60754651,0.507689427,13.90110779,-16.43612157,u-d,锦州市
95,0.532352217,0.306587288,0.614644294,-42.40893938,100.47938,d-u,舟山市
21,0.530795425,0.502547484,0.403039043,-5.321813201,-19.80080374,d-d,运城市
260,0.530613899,0.409656478,0.558315523,-22.79575059,36.28870846,d-u,内江市
252,0.527712009,0.564801703,0.490460901,7.028396809,-13.16228361,u-d,成都市
112,0.526739857,0.160198643,0.38640665,-69.58676264,141.2046961,d-u,池州市
147,0.52627625,0.502300123,0.509384697,-4.555806385,1.410426491,s-s,聊城市
118,0.524337055,0.58120481,0.591185249,10.8456487,1.71719828,u-s,泉州市
39,0.523602288,0.694690673,0.529359378,32.67525542,-23.79926799,u-d,鞍山市
73,0.523118804,0.504467139,0.496466819,-3.56547401,-1.585895172,s-s,上海市
32,0.521462963,0.667828861,0.348189601,28.06832093,-47.8624508,u-d,巴彦淖尔市
251,0.52051973,0.456188704,0.448057695,-12.35899857,-1.782378417,d-s,重庆市
233,0.520301391,0.585555447,0.438453099,12.54158784,-25.12184777,u-d,海口市
156,0.51869896,0.486595684,0.435443994,-6.189192282,-10.51215448,d-d,新乡市
257,0.518678693,0.467808232,0.511904295,-9.807702087,9.426098128,d-u,绵阳市
122,0.516706575,0.551613548,0.640986782,6.755666502,16.20214629,u-u,宁德市
102,0.516201774,0.613818007,0.577839056,18.91047996,-5.861501388,u-d,马鞍山市
161,0.515643515,0.455876044,0.544881275,-11.5908509,19.52399828,d-u,三门峡市
104,0.514322356,0.419743068,0.310800292,-18.38910693,-25.95463375,d-d,铜陵市
330,0.513569184,0.592571898,0.559474064,15.38307135,-5.585454543,u-d,石嘴山市
179,0.513288488,0.108448422,0.326501425,-78.87183825,201.0660911,d-u,随州市
38,0.512694447,0,0.54612218,-100,100,d-u,大连市
164,0.509325199,0.320104759,0.421482328,-37.15120327,31.67012241,d-u,信阳市
299,0.50854691,0.525717263,0.327945338,3.376355782,-37.6194466,s-d,林芝市
172,0.508122232,0.482859884,0.431591654,-4.971706886,-10.61762049,s-d,襄阳市
1,0.507124171,0.420837349,0.393159787,-17.01492986,-6.576783659,d-d,北京市
107,0.506225534,0.630170165,0.496766973,24.48407334,-21.16939192,u-d,滁州市
42,0.502033919,0.276320758,0.330036182,-44.95974325,19.43951818,d-u,丹东市
35,0.501528407,0.704425564,0.396939754,40.45576565,-43.65057512,u-d,锡林郭勒盟
23,0.501467766,0.553238149,0.517248856,10.32377084,-6.505208122,u-d,临汾市
312,0.499335811,0.426332782,0.391034594,-14.62002672,-8.279491864,d-d,金昌市
120,0.499183883,0.300632628,0.569051869,-39.77517339,89.28480012,d-u,南平市
331,0.498930438,0.625827003,0.461088272,25.43371888,-26.32336576,u-d,吴忠市
29,0.498236963,0.429925417,0.496605491,-13.71065398,15.50968409,d-u,通辽市
263,0.498013351,0.359493823,0.401346021,-27.81442058,11.64197973,d-u,眉山市
310,0.496596301,0.591977054,0.539773584,19.20689961,-8.818495522,u-d,兰州市
232,0.495511567,0.647804028,0.545759198,30.73439071,-15.75242289,u-d,崇左市
91,0.495163115,0.446614943,0.374713384,-9.804480691,-16.09922823,d-d,湖州市
18,0.495128905,0.516250274,0.499875157,4.265832349,-3.171933813,s-s,晋城市
90,0.494843392,0.593709214,0.561104715,19.97921435,-5.491661276,u-d,嘉兴市
126,0.49431604,0.349363457,0.462743153,-29.32386799,32.45322135,d-u,九江市
258,0.494146503,0.282708011,0.386389676,-42.78862457,36.67447011,d-u,广元市
30,0.492762777,0.521132208,0.45526671,5.757218752,-12.6389229,u-d,鄂尔多斯市
98,0.49143051,0.573602325,0.494112107,16.72094291,-13.85807109,u-d,合肥市
27,0.491124357,0.457400071,0.348553855,-6.866750858,-23.7967204,d-d,乌海市
136,0.488068463,0.543787364,0.505906762,11.41620597,-6.966068818,u-d,淄博市
127,0.487933702,0.40441442,0.347666054,-17.11693241,-14.0322311,d-d,新余市
19,0.487648992,0.596526874,0.553100876,22.3271008,-7.279805805,u-d,朔州市
97,0.487634178,0.445887448,0.443582208,-8.561075471,-0.517000425,d-s,丽水市
129,0.486801338,0.291947741,0.503254417,-40.0273339,72.37825348,d-u,赣州市
188,0.485457145,0.435238909,0.285872009,-10.34452506,-34.31837019,d-d,邵阳市
199,0.48461815,0.24282341,0.403728936,-49.89386799,66.26442072,d-u,韶关市
84,0.484228609,0.644436884,0.56421103,33.08525602,-12.44898546,u-d,镇江市
17,0.484228159,0.497814126,0.566133385,2.805695362,13.72384901,s-u,长治市
212,0.48387663,0.247055029,0.224913775,-48.94255815,-8.96207379,d-d,阳江市
183,0.483807689,0.179594787,0.227890064,-62.87888947,26.89124657,d-u,天门市
218,0.483393914,0.282554705,0.27360506,-41.54773223,-3.167402574,d-s,云浮市
46,0.482833611,0.485098278,0.341636832,0.469036734,-29.57368692,s-d,辽阳市
220,0.482092056,0.420488301,0.420759845,-12.77842151,0.064578253,d-s,柳州市
75,0.481655071,0.512710664,0.558552623,6.44768318,8.941097235,u-u,无锡市
300,0.481612623,0.448420793,0.336157123,-6.891810641,-25.03533996,d-d,西安市
131,0.481596763,0.465044491,0.396189916,-3.436956656,-14.80601885,s-d,宜春市
155,0.480416225,0.327534854,0.316192674,-31.82269104,-3.462892532,d-s,鹤壁市
186,0.480308148,0.312273549,0.409897409,-34.98474879,31.26228921,d-u,湘潭市
28,0.47726354,0.297105839,0.530519669,-37.74805446,78.56251859,d-u,赤峰市
119,0.476634731,0.527069123,0.488779556,10.58135061,-7.264619635,u-d,漳州市
123,0.473875458,0.536033075,0.467969694,13.11686772,-12.69760845,u-d,南昌市
269,0.473670768,0.593472206,0.377795299,25.29213245,-36.34153459,u-d,资阳市
280,0.473098936,0.440002478,0.289233853,-6.995673734,-34.26540361,d-d,黔东南苗族侗族自治州
204,0.471877237,0.560530619,0.481063358,18.78738262,-14.17714899,u-d,江门市
157,0.471386348,0.410133228,0.390339492,-12.99424989,-4.826172241,d-s,焦作市
26,0.470967475,0.502400917,0.424223649,6.674227769,-15.56073354,u-d,包头市
351,0.468250722,0,0.016444582,-100,100,d-u,神农架林区
144,0.467069332,0.335840991,0.416613236,-28.09611593,24.05074043,d-u,日照市
12,0.466058236,0.547120227,0.529707644,17.39310342,-3.182588057,u-s,廊坊市
132,0.465960143,0.485178915,0.337566673,4.124552773,-30.42429039,s-d,抚州市
249,0.464385128,0.229118885,0.306877574,-50.66188145,33.93814045,d-u,保亭黎族苗族自治县
333,0.463947983,0.513675851,0.384444974,10.71841453,-25.15805965,u-d,中卫市
152,0.463491621,0.32038004,0.414239376,-30.87684319,29.29624954,d-u,洛阳市
101,0.462207069,0.542963793,0.355072781,17.47197943,-34.60470374,u-d,淮南市
143,0.461849652,0.581505431,0.469284931,25.90795045,-19.29827204,u-d,威海市
78,0.459593359,0.501758166,0.486573963,9.174372557,-3.026199478,u-s,苏州市
195,0.459352514,0.442603555,0.259042793,-3.64621037,-41.47295247,s-d,怀化市
284,0.459028079,0.304221875,0.2492188,-33.72477874,-18.07992111,d-d,玉溪市
168,0.458607062,0.54740631,0.425576252,19.3628174,-22.25587389,u-d,武汉市
180,0.458225464,0.232176928,0.516302522,-49.33129076,122.374603,d-u,恩施土家族苗族自治州
340,0.458072192,0.291333498,0.307153786,-36.40009084,5.430301736,d-u,巴音郭楞蒙古自治州
165,0.455891779,0.333668723,0.452854421,-26.80966441,35.71976928,d-u,周口市
159,0.455385445,0.25521144,0.336143297,-43.9570494,31.71168855,d-u,许昌市
45,0.45532855,0.349246549,0.378886065,-23.29790236,8.486702613,d-u,阜新市
303,0.454717546,0.53945279,0.570386408,18.63469856,5.734258599,u-u,咸阳市
203,0.449566261,0.533890062,0.47173805,18.75670136,-11.64135024,u-d,佛山市
298,0.447189866,0.434576284,0.469073327,-2.820632344,7.938086884,s-u,拉萨市
274,0.446634603,0.14412238,0.248600229,-67.73147915,72.49245329,d-u,六盘水市
10,0.446536537,0.227230424,0.528357587,-49.11269176,132.5206184,d-u,承德市
305,0.445795893,0.419622028,0.596797524,-5.871266517,42.22263947,d-u,延安市
338,0.445584913,0.374005647,0.427667719,-16.06411346,14.34793096,d-u,昌吉回族自治州
256,0.443010165,0.372710824,0.489297535,-15.86856162,31.28074193,d-u,德阳市
5,0.442849944,0.362110781,0.563670199,-18.23172027,55.66236317,d-u,秦皇岛市
185,0.442543165,0.42885921,0.421295049,-3.092117579,-1.763786535,s-s,株洲市
55,0.442391829,0.260913921,0.382936228,-41.02198461,46.76726582,d-u,通化市
178,0.442182654,0.238617554,0.320503008,-46.0364282,34.31660941,d-u,咸宁市
202,0.441445091,0.545062023,0.467526446,23.47221299,-14.22509251,u-d,汕头市
2,0.441194099,0.469675005,0.499385402,6.455414083,6.325735175,u-u,天津市
349,0.440430973,0.850534176,0.006227716,93.11406966,-99.26778768,u-d,五家渠市
301,0.438416695,0.401251613,0.52681419,-8.477113765,31.29272829,d-u,铜川市
94,0.438383099,0.203084806,0.436519716,-53.67412511,114.9445469,d-u,衢州市
33,0.434644853,0.552053972,0.424723431,27.01265601,-23.06487182,u-d,乌兰察布市
111,0.434228647,0.369194549,0.400530616,-14.97692482,8.487684091,d-u,亳州市
184,0.432096051,0.52090862,0.452592101,20.55389509,-13.11487589,u-d,长沙市
200,0.431167915,0.431539082,0.434815873,0.086084096,0.759326591,s-s,深圳市
205,0.431155215,0.504415784,0.402272647,16.99169266,-20.24979,u-d,湛江市
226,0.429822701,0.190241458,0.473076783,-55.73955085,148.6717606,d-u,贵港市
54,0.429095065,0.597297689,0.36835471,39.19938441,-38.32979488,u-d,辽源市
105,0.429035613,0.242507495,0.323010603,-43.47613866,33.19613194,d-u,安庆市
8,0.428906189,0.503449789,0.493150069,17.37993107,-2.045828646,u-s,保定市
142,0.428409571,0.524594725,0.363622469,22.45168187,-30.68506951,u-d,泰安市
354,0.42658031,0.361469443,0.047462285,-15.26344875,-86.86962732,d-d,昌都市
109,0.423389991,0.573004725,0.394069695,35.33733371,-31.22749642,u-d,宿州市
25,0.423110365,0.490146953,0.392934694,15.84375935,-19.83328845,u-d,呼和浩特市
167,0.422671103,0.213047404,0.471715436,-49.59499183,121.4133696,d-u,济源市
128,0.42152803,0.318375198,0.2526189,-24.47116791,-20.65371248,d-d,鹰潭市
3,0.42023594,0.545541191,0.457582265,29.81783305,-16.12324192,u-d,石家庄市
7,0.418571744,0.607911825,0.43062662,45.23479755,-29.16298017,u-d,邢台市
20,0.417515617,0.444909293,0.372013958,6.561114096,-16.38431387,u-d,晋中市
214,0.416022671,0.46520875,0.460914057,11.82293236,-0.923175456,u-s,东莞市
173,0.415608634,0.332764855,0.326373893,-19.93312271,-1.920563997,d-s,鄂州市
328,0.415543604,0.507071475,0.430091297,22.02605698,-15.18132685,u-d,海西蒙古族藏族自治州
193,0.412842409,0.353849635,0.25504817,-14.28941715,-27.92187846,d-d,郴州市
273,0.411595779,0.61353849,0.428057127,49.06335811,-30.23141433,u-d,贵阳市
282,0.411008782,0.575008951,0.40911917,39.90186492,-28.84994759,u-d,昆明市
189,0.40867055,0.451774739,0.385133487,10.54741747,-14.7509912,u-d,岳阳市
291,0.407051444,0.52867697,0.169241323,29.87964489,-67.9877633,u-d,红河哈尼族彝族自治州
309,0.40579596,0.369519151,0.61619446,-8.939667364,66.75575767,d-u,商洛市
311,0.405409021,0.114535059,0.277967823,-71.74827074,142.6923472,d-u,嘉峪关市
208,0.404781701,0.457015776,0.384494832,12.90425799,-15.86836775,u-d,惠州市
53,0.40329914,0.274184116,0.461729042,-32.01470353,68.40109075,d-u,四平市
59,0.402193005,0.252339514,0.386652177,-37.25909927,53.22696429,d-u,延边朝鲜族自治州
51,0.401938944,0.480136918,0.439598341,19.4551872,-8.443128508,u-d,长春市
196,0.401424278,0.210617522,0.489352618,-47.53244048,132.3418362,d-u,娄底市
323,0.398723519,0.344613826,0.146908061,-13.5707302,-57.37023592,d-d,甘南藏族自治州
302,0.398109901,0.448534063,0.50892648,12.66588996,13.46439925,u-u,宝鸡市
16,0.397974818,0.280404086,0.328712603,-29.5422541,17.22817869,d-u,阳泉市
92,0.397898929,0.510706761,0.499151604,28.35087601,-2.26258156,u-s,绍兴市
181,0.397542522,0.058470788,0.402280905,-85.29194117,588.0032214,d-u,仙桃市
242,0.396114492,0.096627458,0.042838858,-75.60617954,-55.66595781,d-d,屯昌县
334,0.396074955,0.539191452,0.371309858,36.13369015,-31.13580406,u-d,乌鲁木齐市
22,0.396051073,0.505732867,0.446919168,27.69385099,-11.62940019,u-d,忻州市
192,0.391705888,0.363368115,0.226655966,-7.23445163,-37.62359529,d-d,益阳市
320,0.391333303,0.350817587,0.543676796,-10.35325021,54.97421342,d-u,定西市
190,0.388843068,0.341515309,0.247878115,-12.17142927,-27.41815419,d-d,常德市
15,0.386584013,0.313233354,0.374796816,-18.9740539,19.65418472,d-u,大同市
177,0.386360943,0.249775227,0.426381929,-35.35184352,70.70625223,d-u,黄冈市
210,0.386137455,0.213883741,0.299053318,-44.60942904,39.8205009,d-u,汕尾市
337,0.385767232,0.022182954,0.172245581,-94.24965312,676.4772041,d-u,哈密市
34,0.384354626,0.294401111,0.290332788,-23.40378102,-1.381897978,d-s,兴安盟
221,0.381890759,0.475609344,0.471308422,24.54067892,-0.904297204,u-s,桂林市
355,0.380890934,0.819165249,0.832212693,115.0655676,1.592773133,u-s,山南市
304,0.380636524,0.503300673,0.509459093,32.22605853,1.22360655,u-s,渭南市
60,0.378933429,0.154186514,0.490048572,-59.31039539,217.8284269,d-u,哈尔滨市
339,0.378511901,0.102540446,0.069456613,-72.90958468,-32.26417896,d-d,博尔塔拉蒙古自治州
41,0.377127077,0.043224017,0.420400905,-88.53860684,872.6095217,d-u,本溪市
234,0.376945573,0.21119387,0.178467085,-43.97231719,-15.49608661,d-d,三亚市
175,0.374738565,0.272727876,0.291113724,-27.22182837,6.741462688,d-u,孝感市
169,0.374578058,0.280421562,0.4097771,-25.13668219,46.12895566,d-u,黄石市
207,0.374388025,0.23012542,0.263317077,-38.53291114,14.42329013,d-u,肇庆市
201,0.37332353,0.451230664,0.47678474,20.86853031,5.663195797,u-u,珠海市
151,0.373117125,0.356466463,0.248323434,-4.462583163,-30.33750443,s-d,开封市
230,0.372186934,0.500291192,0.50827648,34.41933241,1.596128041,u-s,河池市
24,0.371670304,0.456367982,0.340612583,22.7883899,-25.36448734,u-d,吕梁市
267,0.367753148,0.141318547,0.186666701,-61.57244397,32.08931521,d-u,雅安市
209,0.366099059,0.129999972,0.232190945,-64.49049272,78.6084577,d-u,梅州市
295,0.365876287,0.058410011,0.100759779,-84.03558441,72.50429725,d-u,德宏傣族景颇族自治州
345,0.365235562,0.017000825,0.146882616,-95.34524379,763.9734601,d-u,塔城地区
297,0.362647412,0.036395613,0.394878499,-89.96391211,984.961803,d-u,迪庆藏族自治州
106,0.361464605,0.146290976,0.453888829,-59.52827082,210.2644069,d-u,黄山市
31,0.356410535,0.057026457,0.471742805,-83.99978356,727.2349885,d-u,呼伦贝尔市
40,0.356069831,0.40862317,0.356397233,14.75927878,-12.78095341,u-d,抚顺市
9,0.354295279,0.319911212,0.414977589,-9.704918196,29.71648802,d-u,张家口市
315,0.353166664,0.275850993,0.42909747,-21.89212032,55.55407843,d-u,武威市
14,0.352774624,0.497271629,0.405012906,40.96014712,-18.55298344,u-d,太原市
52,0.347657512,0.451613621,0.38116539,29.90187337,-15.59922636,u-d,吉林市
124,0.340783805,0.121185491,0.2527276,-64.43918718,108.5460874,d-u,景德镇市
56,0.340225264,0.424209225,0.270417357,24.6848103,-36.25377737,u-d,白山市
48,0.339242776,0.587533666,0.429268034,73.18973537,-26.93728737,u-d,铁岭市
213,0.336881225,0.158721441,0.398165931,-52.88504398,150.8583141,d-u,清远市
228,0.336443364,0.286465271,0.518582224,-14.85483096,81.02795574,d-u,百色市
336,0.331504815,0.020341003,0.552964432,-93.86403995,2618.471808,d-u,吐鲁番市
110,0.33106763,0.385091546,0.289615091,16.31809066,-24.79318385,u-d,六安市
211,0.330205371,0.295490477,0.348357655,-10.51312215,17.89133056,d-u,河源市
283,0.329409424,0.4366133,0.218972862,32.54426504,-49.84741372,u-d,曲靖市
243,0.329131997,0.639764261,0.222430146,94.37923594,-65.23248334,u-d,澄迈县
313,0.324352866,0.46860451,0.307367066,44.47367639,-34.4080009,u-d,白银市
239,0.324033983,0.193061116,0.392807679,-40.41948495,103.4628656,d-u,万宁市
224,0.31750687,0.475096914,0.460156071,49.63358557,-3.144799,u-s,防城港市
103,0.313147121,0.172654866,0.202455658,-44.86461653,17.26032558,d-u,淮北市
286,0.313021154,0.532061055,0.189319595,69.97606973,-64.41769357,u-d,昭通市
347,0.309428825,0.149795229,0.330412628,-51.58976252,120.5762027,d-u,石河子市
237,0.308690612,0.330844406,0.242275672,7.176698331,-26.77050976,u-d,琼海市
61,0.306839065,0.013199514,0.425024692,-95.69822897,3120.002585,d-u,齐齐哈尔市
62,0.300573171,0.099817657,0.260400574,-66.79089598,160.8762636,d-u,鸡西市
65,0.299489398,0.07990021,0.457012972,-73.32118915,471.9796882,d-u,大庆市
71,0.297864647,0.032636241,0.38638649,-89.04326467,1083.918485,d-u,绥化市
290,0.294928679,0.113087548,0.20027984,-61.65596768,77.10158505,d-u,楚雄彝族自治州
57,0.293632426,0.375923588,0.415255388,28.02522975,10.46271137,u-u,松原市
285,0.290937362,0.065202177,0.029703952,-77.58892961,-54.44331253,d-d,保山市
231,0.289711881,0.571668685,0.244306356,97.32317606,-57.26434517,u-d,来宾市
329,0.288735926,0.553768764,0.361471482,91.79073823,-34.72519479,u-d,银川市
67,0.286681819,0.018845148,0.373540368,-93.42645862,1882.156723,d-u,佳木斯市
292,0.28293354,0.165880063,0.134561562,-41.37136834,-18.88020805,d-d,文山壮族苗族自治州
254,0.274969949,0.014845709,0.133987992,-94.60097038,802.536834,d-u,攀枝花市
293,0.268651857,0.062304095,0.30740619,-76.80861182,393.3964453,d-u,西双版纳傣族自治州
69,0.262172936,0.202627264,0.274913905,-22.71236418,35.6746864,d-u,牡丹江市
344,0.261753376,0.055782325,0.190169824,-78.68897592,240.9141229,d-u,伊犁哈萨克自治州
58,0.249311372,0.01785882,0.185311181,-92.83674072,937.645158,d-u,白城市
341,0.246881133,0.127755213,0.156323946,-48.2523385,22.36208788,d-u,阿克苏地区
358,0.242660212,0,0.004861807,-100,100,d-u,黄南藏族自治州
322,0.237140901,0.216182936,0.16387026,-8.837768985,-24.19833728,d-d,临夏回族自治州
246,0.219907867,0.710344632,0.240249114,223.0191997,-66.17851347,u-d,昌江黎族自治县
325,0.217688787,0.463803477,0.20660243,113.0580465,-55.45474749,u-d,海东市
238,0.21013677,0.012775513,0.275771232,-93.92038195,2058.592238,d-u,文昌市
70,0.197565506,0.001346569,0.370122655,-99.31841898,27386.34901,d-u,黑河市
359,0.19675767,0,0.015461015,-100,100,d-u,果洛藏族自治州
63,0.196518864,0.035305678,0.156783403,-82.03445853,344.0741883,d-u,鹤岗市
250,0.19009286,0.043006472,0.38659168,-77.37607188,798.9151214,d-u,琼中黎族苗族自治县
288,0.188340461,0.138326475,0.339705431,-26.55509376,145.5823666,d-u,普洱市
72,0.184301625,0,0.114400534,-100,100,d-u,大兴安岭地区
68,0.181586818,0,0.140899897,-100,100,d-u,七台河市
289,0.180376834,0,0.065953497,-100,100,d-u,临沧市
342,0.177618547,0.092624715,0.169863467,-47.85189015,83.38892271,d-u,喀什地区
64,0.167712034,0.02459539,0.157797726,-85.33474944,541.5744007,d-u,双鸭山市
66,0.16551433,0,0.307724111,-100,100,d-u,伊春市
245,0.141869771,0,0,-100,0,d-s,白沙黎族自治县
296,0.139720514,0,9.85E-05,-100,100,d-u,怒江傈僳族自治州
324,0.13856495,0.061330413,0.152603468,-55.73886975,148.8218496,d-u,西宁市
346,0.135281869,0.002862705,0.16515116,-97.88389603,5669.059683,d-u,阿勒泰地区
244,0.104249904,0.711458527,0.080706896,582.454851,-88.65613484,u-d,临高县
287,0.088488454,0.028276561,0.14974538,-68.04491465,429.5742293,d-u,丽江市
236,0.048069881,0,0.521819239,-100,100,d-u,五指山市
191,0.045398852,0.000254959,0.053707809,-99.4384021,20965.27285,d-u,张家界市
241,0.04144972,0.046978282,0.079015659,13.33799601,68.19614434,u-u,定安县
357,0.037135985,0.052025392,0.166411685,40.09428321,219.866278,u-u,阿里地区
360,0.001961646,0,0.07545808,-100,100,d-u,玉树藏族自治州
348,0.000767909,0.000340371,0.000461375,-55.6756074,35.55061976,d-u,阿拉尔市
350,0,0,0,0,0,s-s,中朝共有
352,0,0,0,0,0,s-s,三沙市
363,0,0,0,0,0,s-s,北屯市
364,0,0,0,0,0,s-s,铁门关市
365,0,0,0,0,0,s-s,双河市
366,0,0,0,0,0,s-s,可克达拉市
367,0,0,0,0,0,s-s,昆玉市
368,0,0,0,0,0,s-s,胡杨河市
369,0,0,0,0,0,s-s,台湾省
370,0,0,0,0,0,s-s,香港特别行政区
371,0,0,0,0,0,s-s,澳门特别行政区
